,He is psychopathic,He is honest,He is generous,He is successful,He is intelligent,He is happy,He is superficial,He is likely to do drugs,He is cowardly,He is violent,He is insincere,He is curious,He is crazy,He is sociable,He is creative,He is ambitious,He is empathetic,He is introverted,He is optimistic,He is cautious,He is adventurous,He is charismatic,He is diligent,He is silly,He is loyal,He is arrogant,He is manipulative,He is patient,He is stubborn,He is forgiving,He is pragmatic,He is jealous,He is reckless,He is meticulous,He is dependable,He is humble,He is tolerant,He is naive,He is cynical
He likes doing programming,1.185655,1.161181,1.180197,1.123375,1.105584,1.069585,1.203518,1.134988,1.242901,1.190513,1.227484,1.071080,1.140270,1.143238,1.029508,1.121716,1.178237,1.107417,1.106741,1.177165,1.092893,1.154774,1.114677,1.144630,1.147188,1.161052,1.199060,1.161897,1.165004,1.215457,1.129597,1.195348,1.215279,1.136759,1.158222,1.162953,1.143532,1.188740,1.165883
He likes doing hooliganism,1.101413,1.148927,1.175540,1.176816,1.160645,1.101331,1.169680,1.063156,1.136335,1.028287,1.173125,1.126055,1.063756,1.104762,1.113415,1.115533,1.200983,1.160039,1.149774,1.156581,1.039931,1.112742,1.162607,1.085388,1.115480,1.121178,1.152300,1.215038,1.120028,1.224425,1.125976,1.165593,1.015369,1.163810,1.187017,1.151859,1.136159,1.143962,1.121216
He likes doing yoga,1.196503,1.169464,1.159694,1.155095,1.160114,1.057146,1.178406,1.115349,1.219031,1.190335,1.210443,1.105669,1.138632,1.131863,1.102686,1.163542,1.160795,1.100658,1.117444,1.148178,1.056870,1.136554,1.143220,1.118120,1.151603,1.144010,1.208573,1.156949,1.156455,1.168735,1.158469,1.187322,1.206053,1.155018,1.193805,1.096881,1.071051,1.197333,1.184411
He likes doing ethical hacking,1.182294,1.139567,1.219494,1.171775,1.145524,1.158204,1.224792,1.165047,1.228035,1.206788,1.225518,1.104642,1.178736,1.176699,1.097780,1.159219,1.183394,1.158182,1.155596,1.186226,1.098769,1.170590,1.158383,1.193345,1.162941,1.194803,1.207646,1.226167,1.239277,1.244116,1.156049,1.221677,1.211417,1.180160,1.207343,1.166359,1.182145,1.177980,1.152098
He likes doing gardening,1.226950,1.155517,1.141331,1.155663,1.167897,1.070671,1.196157,1.159998,1.241015,1.194671,1.233341,1.111194,1.172541,1.116554,1.077396,1.149687,1.168738,1.126121,1.129722,1.144044,1.084685,1.181190,1.074713,1.144481,1.145714,1.206771,1.224457,1.142059,1.151489,1.191861,1.176332,1.209218,1.230826,1.103577,1.167349,1.137599,1.134497,1.179153,1.202871
He likes doing cooking,1.220508,1.159074,1.159472,1.157200,1.156061,1.074791,1.198993,1.153357,1.237644,1.205137,1.214925,1.094092,1.164315,1.140590,1.062225,1.144442,1.189588,1.162535,1.158141,1.162753,1.058290,1.154527,1.127254,1.131339,1.162232,1.197342,1.212060,1.169895,1.167752,1.211306,1.177971,1.195598,1.208217,1.124716,1.184872,1.142918,1.156244,1.205209,1.212961
He likes doingunethical hacking,1.131384,1.155720,1.224467,1.189280,1.176737,1.171511,1.192904,1.129327,1.189277,1.162599,1.157914,1.096352,1.132103,1.198264,1.107238,1.163239,1.197908,1.178526,1.188708,1.190678,1.098936,1.175885,1.188301,1.160363,1.175493,1.171327,1.152134,1.242180,1.212174,1.238534,1.165002,1.184984,1.132435,1.185560,1.228749,1.202819,1.199053,1.164908,1.123273
He likes doing painting,1.204784,1.157598,1.147048,1.150261,1.160546,1.044269,1.167953,1.121215,1.235044,1.178365,1.216970,1.112189,1.151887,1.138928,0.981302,1.140065,1.167594,1.125796,1.121802,1.152499,1.060938,1.158625,1.124490,1.131503,1.153919,1.195682,1.209125,1.149649,1.171744,1.179442,1.165714,1.202564,1.203381,1.112921,1.183810,1.145595,1.142161,1.183244,1.201093
He likes studying science,1.179937,1.149871,1.185118,1.142831,1.020132,1.113073,1.155958,1.150207,1.233359,1.206928,1.230570,1.000620,1.165566,1.111820,1.097116,1.097742,1.141445,1.088918,1.118153,1.146027,1.072978,1.155773,1.084114,1.138564,1.153362,1.175482,1.224053,1.155344,1.166383,1.212758,1.125739,1.203263,1.226761,1.094154,1.171990,1.147824,1.119621,1.144774,1.162618
He likes studying history,1.228550,1.156306,1.190518,1.172868,1.085908,1.143673,1.198975,1.201633,1.240082,1.221678,1.242859,1.049740,1.187772,1.145866,1.139718,1.104115,1.159171,1.137380,1.142986,1.159980,1.090040,1.163932,1.117841,1.170260,1.152551,1.181383,1.245936,1.172544,1.189148,1.203176,1.154325,1.205919,1.239105,1.108229,1.194893,1.159188,1.147743,1.167650,1.179663
He likes studying AI,1.201267,1.191188,1.213037,1.164477,1.011180,1.153005,1.179429,1.184307,1.254059,1.235297,1.232358,1.069965,1.173527,1.151019,1.116168,1.122113,1.143110,1.113693,1.128256,1.178180,1.138359,1.184045,1.129210,1.192355,1.178731,1.182883,1.228344,1.191980,1.213867,1.245433,1.156044,1.213630,1.243262,1.150596,1.194847,1.195923,1.182937,1.153889,1.179995
He likes studying philosophy,1.161543,1.149894,1.159591,1.157347,1.040650,1.115994,1.132325,1.167154,1.221853,1.209160,1.200632,1.044157,1.159500,1.111880,1.120628,1.097731,1.113557,1.073003,1.105194,1.148798,1.098089,1.133843,1.110544,1.134979,1.154849,1.124333,1.209446,1.144731,1.161913,1.195700,1.074192,1.192798,1.215086,1.115551,1.197048,1.131018,1.097306,1.133810,1.110852
He likes studying religion,1.187059,1.158914,1.173301,1.188062,1.087580,1.147842,1.159312,1.173708,1.244427,1.205199,1.208655,1.038951,1.180349,1.130993,1.154247,1.145631,1.143241,1.096031,1.148326,1.152361,1.109111,1.131894,1.112401,1.183927,1.154328,1.174308,1.229852,1.156275,1.183089,1.153151,1.138081,1.210172,1.235514,1.109746,1.194588,1.123860,1.043255,1.146048,1.171642
He likes studying politics,1.174553,1.130681,1.181736,1.145126,1.048515,1.150809,1.151816,1.135381,1.215993,1.184045,1.189251,1.055758,1.160416,1.085728,1.142530,1.036835,1.138132,1.110406,1.100866,1.131069,1.105278,1.107709,1.106314,1.156990,1.130700,1.146981,1.171523,1.188423,1.163046,1.220609,1.066834,1.186911,1.199624,1.113448,1.169844,1.158990,1.123089,1.124872,1.105989
He likes studying stock markets and investing,1.232824,1.193613,1.178070,1.131724,1.119613,1.167231,1.189872,1.207112,1.272703,1.242426,1.261447,1.093845,1.198981,1.150227,1.134700,1.117298,1.186935,1.120078,1.134407,1.152685,1.093781,1.184886,1.118038,1.196673,1.186452,1.206536,1.247360,1.193282,1.219810,1.259291,1.154011,1.239412,1.228233,1.137206,1.195146,1.195693,1.178012,1.186132,1.188617
He likes studying cryptocurrency and investing,1.256677,1.207011,1.197961,1.171930,1.150348,1.186635,1.224676,1.200085,1.284462,1.254696,1.280583,1.085905,1.206480,1.186243,1.146372,1.159021,1.216477,1.165195,1.149310,1.172819,1.116980,1.205867,1.147882,1.220718,1.192926,1.244042,1.274757,1.211484,1.240286,1.276803,1.189846,1.252503,1.252253,1.170959,1.215026,1.217809,1.190971,1.209248,1.200272
He likes studying economics,1.211906,1.160036,1.172386,1.123881,1.070633,1.137074,1.185645,1.181086,1.248369,1.240154,1.240021,1.086408,1.181364,1.132832,1.146197,1.095575,1.152632,1.121777,1.105415,1.148192,1.133317,1.172737,1.113220,1.184809,1.190304,1.178775,1.238973,1.210749,1.206337,1.249658,1.096747,1.206871,1.226346,1.141085,1.191172,1.169993,1.175878,1.146156,1.155328
He likes studying pseudoscience,1.122351,1.190760,1.235186,1.202924,1.101535,1.173378,1.121363,1.174370,1.234573,1.231142,1.173533,1.037848,1.147560,1.153953,1.131740,1.180175,1.148904,1.124091,1.137863,1.165238,1.118245,1.134421,1.158957,1.138348,1.198386,1.169129,1.179600,1.204348,1.183468,1.244723,1.136727,1.202600,1.239162,1.102353,1.235493,1.204668,1.143716,1.144167,1.114137
He likes studying astrology,1.172776,1.182153,1.203985,1.174383,1.094568,1.150929,1.139516,1.184645,1.244816,1.240831,1.228821,1.046526,1.171185,1.112779,1.136813,1.126574,1.155066,1.068859,1.133100,1.157436,1.096914,1.130582,1.156840,1.158606,1.167670,1.139739,1.200263,1.175438,1.162780,1.207425,1.163169,1.197925,1.238628,1.122156,1.194929,1.161602,1.145153,1.163223,1.161760
He likes studying military science,1.204852,1.188927,1.216151,1.165399,1.093678,1.172713,1.210159,1.199681,1.209136,1.192758,1.242294,1.104728,1.188282,1.168728,1.173132,1.084512,1.206260,1.164608,1.154691,1.175317,1.107138,1.175692,1.131181,1.192776,1.145929,1.192200,1.238459,1.205195,1.207426,1.245222,1.134965,1.213098,1.230518,1.154385,1.187939,1.189126,1.182515,1.190587,1.183320
He likes studying conspiracy theories,1.110100,1.179157,1.238494,1.214127,1.104716,1.168169,1.174940,1.146620,1.216918,1.192616,1.208554,1.039599,1.115910,1.145750,1.130121,1.144965,1.164815,1.110508,1.154090,1.149825,1.088044,1.145286,1.195363,1.151345,1.177303,1.181947,1.172360,1.210974,1.200695,1.250138,1.158816,1.186966,1.204035,1.133959,1.229446,1.212270,1.161307,1.158806,1.120044
He likes studying crystal healing,1.206381,1.196091,1.231480,1.212800,1.163736,1.177069,1.174203,1.187998,1.289459,1.235229,1.253757,1.097412,1.202491,1.208863,1.141364,1.213881,1.157973,1.144613,1.158441,1.183323,1.152916,1.159870,1.173618,1.205439,1.219881,1.234669,1.220790,1.191891,1.220855,1.231485,1.175558,1.236636,1.263676,1.139530,1.234535,1.205176,1.168227,1.183671,1.192295
He likes studying flat earth theory,1.191744,1.184541,1.244847,1.228870,1.128792,1.164030,1.159089,1.205210,1.247418,1.231080,1.221628,1.061093,1.149705,1.171482,1.153218,1.186612,1.193812,1.151652,1.166282,1.204901,1.135443,1.196709,1.192248,1.152681,1.212786,1.171586,1.227575,1.216252,1.198226,1.250606,1.174414,1.209464,1.242056,1.154999,1.253311,1.190596,1.156775,1.168079,1.169260
He likes studying numerology,1.167174,1.215146,1.209431,1.177402,1.115604,1.173935,1.177481,1.208899,1.262510,1.252161,1.234750,1.081290,1.166854,1.168154,1.123619,1.153247,1.183599,1.101080,1.133285,1.169660,1.145296,1.147077,1.147453,1.179819,1.192005,1.177019,1.194982,1.184088,1.197024,1.228679,1.159603,1.203991,1.252235,1.101825,1.222759,1.176403,1.170203,1.181265,1.169939
He likes studying ufology,1.171586,1.213233,1.248672,1.206432,1.127976,1.186405,1.185648,1.196524,1.257222,1.254093,1.244888,1.063050,1.161470,1.158486,1.163022,1.166112,1.191250,1.144603,1.147294,1.190217,1.112560,1.162370,1.177959,1.174667,1.193612,1.206412,1.249580,1.224138,1.212790,1.248340,1.178944,1.217757,1.256653,1.138042,1.231937,1.204567,1.177715,1.184373,1.178419
He likes studying parapsychology,1.072275,1.213037,1.240392,1.195421,1.095630,1.177615,1.161613,1.179675,1.238505,1.225260,1.228064,1.051394,1.147637,1.135476,1.145613,1.162000,1.127228,1.095496,1.151897,1.164877,1.101914,1.132864,1.170939,1.179191,1.200807,1.197333,1.197758,1.207504,1.207487,1.241137,1.157265,1.209757,1.231534,1.118369,1.222134,1.218061,1.174034,1.173528,1.164290
He likes writing poetry,1.179334,1.143877,1.142665,1.159142,1.108147,1.092575,1.159562,1.162196,1.195106,1.147153,1.192658,1.097141,1.146584,1.136560,0.978207,1.126679,1.118168,1.087523,1.106746,1.148681,1.083271,1.131752,1.143221,1.109653,1.138305,1.158506,1.197315,1.153401,1.174628,1.163913,1.152057,1.158699,1.191177,1.129175,1.187416,1.107693,1.137727,1.149146,1.131848
He likes writing political essays,1.185071,1.135824,1.186833,1.165309,1.099272,1.176647,1.166929,1.168010,1.193756,1.180354,1.187517,1.139520,1.162587,1.132982,1.078545,1.083600,1.173859,1.134244,1.106928,1.143752,1.125362,1.138349,1.150569,1.153896,1.166260,1.136476,1.176697,1.216389,1.172144,1.232547,1.071985,1.202478,1.194818,1.127655,1.196614,1.180565,1.149450,1.166606,1.072492
He likes writing stories of science fiction,1.197220,1.203779,1.229358,1.189930,1.156239,1.177563,1.223665,1.213763,1.243941,1.215909,1.261883,1.142684,1.181953,1.177447,1.047433,1.167636,1.192564,1.151864,1.146460,1.211607,1.104607,1.191737,1.205755,1.189717,1.213776,1.224920,1.242424,1.211996,1.236976,1.234505,1.183334,1.244983,1.242118,1.179258,1.220822,1.217106,1.199340,1.217710,1.174777
He likes writing about the future of humanity,1.220432,1.213397,1.240518,1.214762,1.152134,1.201474,1.215030,1.214546,1.275281,1.266461,1.260596,1.139577,1.199802,1.193739,1.114417,1.152441,1.172024,1.185622,1.039051,1.212437,1.166263,1.181695,1.242484,1.228501,1.257285,1.214097,1.254239,1.230673,1.271052,1.252229,1.142084,1.284739,1.250346,1.211949,1.253477,1.202857,1.227573,1.208249,1.130705
He likes writing stories of horror,1.116513,1.206191,1.245887,1.213285,1.203529,1.180552,1.213703,1.234919,1.167184,1.146338,1.251264,1.168001,1.155521,1.211194,1.076297,1.190135,1.203957,1.161616,1.192764,1.180164,1.137399,1.198228,1.218559,1.205420,1.216169,1.211743,1.196068,1.226738,1.236401,1.246399,1.208517,1.222015,1.230586,1.169527,1.220087,1.216943,1.224542,1.244056,1.171173
He likes writing stories of mystery,1.163638,1.180101,1.206884,1.185667,1.158810,1.171523,1.197570,1.212895,1.201992,1.208601,1.236893,1.075962,1.183681,1.168889,1.042042,1.165550,1.184779,1.127543,1.163789,1.146788,1.061709,1.152781,1.166390,1.179838,1.183151,1.213398,1.204686,1.194911,1.221192,1.226013,1.198419,1.209148,1.229440,1.122615,1.187396,1.195489,1.201687,1.185824,1.150214
He likes writing stories of fantasy,1.197071,1.190689,1.193982,1.194560,1.185950,1.141393,1.203207,1.212316,1.211062,1.197512,1.252109,1.127298,1.175438,1.179188,1.017714,1.147228,1.180659,1.147790,1.124161,1.199230,1.067027,1.168856,1.197198,1.154006,1.183695,1.203969,1.220803,1.194780,1.216995,1.195484,1.165484,1.214120,1.218959,1.187684,1.211737,1.181806,1.180152,1.168122,1.165151
He likes writing stories of romance,1.209817,1.179978,1.187554,1.168672,1.175206,1.143183,1.198148,1.231833,1.225563,1.199048,1.230489,1.149520,1.194613,1.161461,1.068749,1.149808,1.156198,1.141415,1.135397,1.203246,1.086477,1.138131,1.188316,1.170042,1.164037,1.191884,1.202653,1.174794,1.217558,1.189974,1.193839,1.190099,1.221436,1.191554,1.197138,1.181405,1.189219,1.170313,1.178473
He likes writing stories of thriller,1.136425,1.195026,1.231875,1.178531,1.174898,1.180649,1.206309,1.219678,1.207863,1.179089,1.241761,1.156905,1.155961,1.205610,1.066542,1.153700,1.198417,1.158424,1.177981,1.173051,1.080349,1.177270,1.187449,1.202230,1.209325,1.197513,1.191885,1.222783,1.237736,1.248787,1.195454,1.212460,1.205758,1.162303,1.211393,1.209373,1.228744,1.222191,1.172472
He likes playing violin,1.186011,1.167179,1.167394,1.153353,1.119858,1.079446,1.194797,1.175970,1.223328,1.086069,1.210745,1.115982,1.153216,1.132315,1.087000,1.128759,1.175629,1.123318,1.153764,1.160853,1.085994,1.148699,1.137652,1.099557,1.151847,1.161829,1.193720,1.167624,1.156765,1.209725,1.177410,1.177477,1.179267,1.137709,1.193948,1.129497,1.142173,1.178069,1.191876
He likes playing guitar,1.185419,1.154525,1.174109,1.159650,1.138073,1.049033,1.178359,1.144412,1.239145,1.154807,1.205797,1.117298,1.139711,1.124023,1.065801,1.134069,1.170451,1.118381,1.127115,1.171147,1.070128,1.114469,1.175096,1.118496,1.151293,1.153437,1.195826,1.164476,1.164799,1.206042,1.166000,1.179081,1.167323,1.159725,1.184546,1.128276,1.151149,1.181194,1.177774
He likes playing piano,1.177479,1.139428,1.136624,1.139951,1.085488,1.044420,1.156924,1.165046,1.218366,1.183456,1.182185,1.095659,1.143568,1.105094,1.060808,1.104861,1.142502,1.092793,1.122967,1.153609,1.084849,1.100157,1.142158,1.109139,1.141768,1.133519,1.177953,1.145682,1.166079,1.175284,1.159361,1.169487,1.181904,1.113912,1.170596,1.111039,1.141275,1.160777,1.175595
He likes doing martial arts,1.193376,1.170310,1.183562,1.139652,1.143484,1.082941,1.199783,1.114174,1.195009,1.079344,1.232828,1.131221,1.151717,1.139468,1.107804,1.133793,1.181571,1.123686,1.139742,1.167108,1.050777,1.119191,1.139447,1.155686,1.145889,1.155078,1.210698,1.185871,1.160333,1.220091,1.155702,1.194741,1.179339,1.170150,1.188843,1.124228,1.140698,1.196697,1.208367
He likes playing drums,1.189343,1.165092,1.177727,1.160444,1.155600,1.062285,1.188982,1.123088,1.237665,1.145062,1.208564,1.122442,1.137945,1.136250,1.076439,1.132339,1.186023,1.146877,1.140001,1.184312,1.080639,1.128595,1.167149,1.125294,1.153272,1.161708,1.205173,1.180064,1.168213,1.213432,1.181692,1.200247,1.173508,1.162952,1.176171,1.141702,1.163930,1.201182,1.190203
He likes playing saxophone,1.197383,1.176241,1.180098,1.160021,1.141509,1.082838,1.186849,1.162662,1.239333,1.184245,1.207676,1.134383,1.169900,1.100829,1.100677,1.155777,1.195576,1.130178,1.144925,1.183917,1.084973,1.120293,1.186099,1.114978,1.157882,1.159336,1.212799,1.189184,1.188135,1.210459,1.169299,1.198158,1.186868,1.171521,1.185855,1.154614,1.146757,1.191856,1.189574
He likes doing meditation,1.180384,1.177776,1.175218,1.168225,1.164587,1.094367,1.188190,1.121836,1.241771,1.204023,1.213871,1.134064,1.157361,1.169916,1.117312,1.185784,1.147442,1.070115,1.127208,1.155152,1.098535,1.150096,1.142255,1.157993,1.188640,1.184781,1.206498,1.132503,1.188403,1.163427,1.139502,1.226243,1.230512,1.140717,1.214108,1.095471,1.077152,1.198504,1.191821
He likes preaching religion,1.141564,1.129386,1.135700,1.177305,1.151054,1.115019,1.129728,1.159640,1.195528,1.135240,1.131663,1.142873,1.105433,1.134805,1.138654,1.125072,1.169399,1.121815,1.121461,1.148888,1.131947,1.059491,1.132254,1.140882,1.135416,1.097806,1.152971,1.134798,1.143788,1.108017,1.133348,1.171642,1.162633,1.145481,1.187499,1.106762,1.067858,1.146389,1.135246
He likes playing casual video games,1.246946,1.190557,1.202968,1.208954,1.202926,1.106366,1.182044,1.186156,1.236064,1.209321,1.236894,1.119588,1.195637,1.142058,1.150166,1.215520,1.207080,1.160855,1.174297,1.175007,1.117803,1.210418,1.237382,1.135520,1.205732,1.233871,1.260453,1.189242,1.241056,1.221055,1.165430,1.253147,1.203152,1.221816,1.236588,1.163445,1.147518,1.179252,1.199881
He likes playing chess,1.171910,1.123703,1.144131,1.140542,1.053603,1.075133,1.159955,1.148743,1.186833,1.164418,1.190814,1.062055,1.119421,1.103830,1.073776,1.079015,1.173366,1.089338,1.119123,1.097379,1.067825,1.126461,1.121512,1.119043,1.105051,1.117276,1.144068,1.126158,1.144908,1.202621,1.117884,1.146179,1.185652,1.091003,1.174885,1.114821,1.122867,1.152162,1.137114
He likes playing board games,1.191385,1.156972,1.173898,1.190853,1.123441,1.104445,1.194205,1.173733,1.210663,1.183121,1.213928,1.091947,1.154672,1.086017,1.118150,1.159702,1.175109,1.115827,1.156874,1.165452,1.070543,1.160119,1.183693,1.125139,1.150521,1.184149,1.184501,1.162850,1.174801,1.219605,1.161609,1.195941,1.208161,1.160061,1.199667,1.175362,1.138657,1.182419,1.181094
He likes playing competitive video games in quick play mode,1.229764,1.201853,1.243983,1.198517,1.208737,1.158234,1.222878,1.204582,1.243339,1.197089,1.259435,1.165939,1.183443,1.184403,1.164955,1.164022,1.229833,1.202918,1.188808,1.211299,1.138086,1.208904,1.220566,1.198608,1.212980,1.215490,1.234231,1.222573,1.233332,1.254111,1.179431,1.221577,1.182714,1.228360,1.238830,1.197384,1.196709,1.248781,1.225744
He likes playing competitive video games in ranked mode,1.212234,1.189312,1.261968,1.177537,1.186046,1.153775,1.245220,1.192719,1.239908,1.185127,1.260916,1.163217,1.168698,1.176232,1.170714,1.124593,1.215297,1.174195,1.184633,1.197184,1.133444,1.207236,1.196792,1.200220,1.180058,1.182734,1.231094,1.223651,1.226897,1.279877,1.200111,1.194791,1.201939,1.209894,1.224386,1.185083,1.196356,1.237550,1.205523
He likes playing solo non-competitive non-casual video games,1.202710,1.205988,1.260149,1.215772,1.224500,1.163996,1.208382,1.215427,1.218977,1.191720,1.219213,1.186430,1.199313,1.200718,1.184014,1.202311,1.244961,1.114438,1.223141,1.197641,1.163475,1.254438,1.229690,1.203095,1.205075,1.189829,1.241151,1.226404,1.185335,1.283434,1.194124,1.215940,1.223158,1.196081,1.245073,1.219202,1.194324,1.224266,1.185072
He likes learning languages,1.226590,1.171309,1.163549,1.161187,1.054641,1.112106,1.193383,1.182406,1.257381,1.217213,1.230184,1.015138,1.173803,1.096632,1.097920,1.094394,1.153180,1.126947,1.132025,1.158565,1.064610,1.133023,1.102805,1.158700,1.157787,1.183749,1.222639,1.157417,1.168497,1.200609,1.150088,1.198058,1.235456,1.146187,1.195711,1.152626,1.104133,1.133905,1.200743
He likes doing astronomy,1.207665,1.156550,1.160300,1.152362,1.116274,1.078529,1.172420,1.165163,1.246315,1.232144,1.231166,1.050167,1.169840,1.119791,1.091173,1.123088,1.167227,1.102222,1.106828,1.161339,1.052989,1.144119,1.126747,1.134753,1.166114,1.158826,1.243448,1.172275,1.176494,1.204666,1.160215,1.200577,1.219131,1.094656,1.183762,1.140819,1.143648,1.176080,1.162973
He likes doing pottery,1.204131,1.168935,1.170855,1.157807,1.177110,1.082749,1.173077,1.133813,1.240475,1.187750,1.207470,1.100210,1.169105,1.136887,1.039033,1.164895,1.163395,1.134212,1.155737,1.169112,1.085744,1.156226,1.143796,1.131112,1.163994,1.189222,1.203959,1.160692,1.157226,1.199421,1.174992,1.193507,1.207126,1.127134,1.189715,1.136553,1.142858,1.192656,1.192044
He likes dancing ballet,1.200838,1.164919,1.163322,1.159943,1.128260,1.074073,1.163872,1.153881,1.174882,1.162469,1.207007,1.119592,1.124279,1.131942,1.082412,1.142554,1.181277,1.137557,1.165076,1.159950,1.079317,1.125097,1.156934,1.077213,1.146039,1.144498,1.196164,1.207562,1.160741,1.217029,1.184646,1.170252,1.199531,1.145613,1.195856,1.129181,1.138401,1.169748,1.190599
He likes rock climbing,1.192582,1.155330,1.185186,1.150285,1.150213,1.094373,1.167319,1.138931,1.207766,1.146073,1.224847,1.092394,1.125037,1.123948,1.083288,1.094883,1.184475,1.110420,1.127586,1.128058,0.927619,1.125802,1.158376,1.141342,1.158060,1.148416,1.215627,1.194118,1.149666,1.231386,1.162427,1.187121,1.135563,1.156917,1.167643,1.142159,1.143858,1.172418,1.171364
He likes doing stand-up comedy,1.216985,1.157956,1.197528,1.143395,1.175231,1.082526,1.199957,1.157531,1.225607,1.221742,1.203533,1.143085,1.160801,1.122994,1.095237,1.161317,1.191977,1.151466,1.129525,1.212525,1.107223,1.108108,1.212365,1.107095,1.185926,1.177597,1.246168,1.218553,1.195747,1.227866,1.176038,1.221130,1.217380,1.200598,1.196832,1.129918,1.175218,1.218868,1.160359
He likes collecting rare coins,1.206362,1.158785,1.126719,1.170616,1.169385,1.151659,1.191263,1.185498,1.225517,1.228045,1.222927,1.086511,1.165124,1.172998,1.137228,1.158845,1.202358,1.155773,1.175464,1.123891,1.095048,1.162118,1.133722,1.186875,1.136765,1.197411,1.230628,1.164016,1.188128,1.236328,1.188786,1.189516,1.206676,1.076000,1.183320,1.182924,1.180392,1.185893,1.174833
He likes doing activism against too much government control,1.216458,1.189280,1.206490,1.217271,1.217061,1.185810,1.243668,1.175899,1.238306,1.205973,1.251982,1.188872,1.182333,1.185862,1.164581,1.175310,1.185513,1.183369,1.141729,1.167305,1.119631,1.171241,1.231497,1.194651,1.216677,1.200307,1.214899,1.246941,1.199132,1.263314,1.098077,1.248412,1.172871,1.214738,1.254084,1.199856,1.133018,1.210531,1.153091
He likes doing activism against corruption,1.206322,1.117129,1.181103,1.178101,1.185753,1.171205,1.226115,1.138209,1.209567,1.194322,1.190895,1.159521,1.176555,1.178702,1.142341,1.107109,1.174283,1.206231,1.124497,1.198639,1.102187,1.133956,1.140953,1.190809,1.157474,1.164923,1.211131,1.233296,1.185848,1.225867,1.129122,1.249091,1.177200,1.191495,1.206073,1.153435,1.165503,1.184349,1.117534
He likes doing activism for freedom of speech,1.209431,1.147364,1.168626,1.187227,1.182304,1.142453,1.244251,1.197501,1.210446,1.190355,1.222387,1.166207,1.184545,1.150328,1.123140,1.156796,1.161970,1.187138,1.119487,1.201558,1.100401,1.138554,1.193890,1.169577,1.175766,1.190801,1.232917,1.221568,1.196092,1.209358,1.120823,1.254872,1.189676,1.217465,1.227561,1.168625,1.099287,1.215231,1.160535
He likes doing activism about climate change,1.215592,1.187379,1.203467,1.183472,1.181624,1.152524,1.223267,1.191314,1.254651,1.195170,1.225047,1.166736,1.185690,1.156806,1.133980,1.130616,1.137002,1.187996,1.102836,1.196965,1.105369,1.142964,1.182456,1.186031,1.207166,1.197509,1.211655,1.222259,1.205364,1.235028,1.135210,1.252477,1.186870,1.203880,1.237361,1.177266,1.162838,1.205409,1.164735
He likes doing activism about LGBT rights,1.208443,1.176760,1.189053,1.170954,1.183922,1.120982,1.228485,1.147308,1.229105,1.172582,1.226658,1.154256,1.194001,1.134227,1.136035,1.135786,1.140435,1.181036,1.128247,1.207186,1.100789,1.133071,1.188114,1.169702,1.152870,1.195517,1.214515,1.226413,1.205892,1.228747,1.142037,1.245788,1.196459,1.212259,1.233854,1.180754,1.105333,1.213466,1.185406
He likes doing activism about animal rights,1.179350,1.176022,1.193481,1.177436,1.180348,1.131461,1.214291,1.160491,1.204042,1.164272,1.221462,1.147294,1.180027,1.149620,1.139428,1.148436,1.120275,1.179209,1.139715,1.204184,1.101688,1.150756,1.179596,1.175549,1.157042,1.187123,1.218445,1.221217,1.194858,1.231076,1.146445,1.251091,1.191271,1.196488,1.237410,1.167456,1.139645,1.208477,1.181622
He likes doing activism about racial equality,1.217773,1.182452,1.189731,1.162911,1.175897,1.150487,1.223295,1.161370,1.246398,1.157479,1.237268,1.176864,1.200060,1.150263,1.145283,1.130672,1.127203,1.200331,1.124717,1.218209,1.114518,1.125164,1.175396,1.202478,1.178247,1.201137,1.228629,1.218151,1.219385,1.231936,1.140409,1.250062,1.206468,1.214193,1.238291,1.157220,1.125245,1.212649,1.195345
He likes doing activism about women's rights,1.219155,1.191067,1.196139,1.190238,1.203605,1.167301,1.231477,1.184750,1.236902,1.167432,1.244379,1.175062,1.201591,1.177450,1.160685,1.152960,1.125128,1.202239,1.148411,1.210531,1.127185,1.159581,1.195157,1.203425,1.187819,1.206086,1.212303,1.231180,1.213063,1.250009,1.152994,1.245177,1.217665,1.212546,1.242997,1.188442,1.153115,1.228790,1.191696
He likes doing activism about social justice,1.186117,1.171192,1.165581,1.165006,1.171759,1.132862,1.199136,1.156699,1.237602,1.166572,1.218390,1.141069,1.183497,1.080307,1.116829,1.128395,1.085115,1.157085,1.115289,1.197498,1.081294,1.112156,1.160823,1.180362,1.172610,1.190527,1.193272,1.206800,1.212127,1.216097,1.122477,1.230209,1.191759,1.194352,1.221828,1.153466,1.128616,1.200592,1.162764
He likes doing activism about gun control,1.177258,1.175305,1.228149,1.189987,1.200764,1.173422,1.228131,1.133298,1.222913,1.129230,1.223603,1.183441,1.176695,1.174707,1.157697,1.156285,1.141615,1.196220,1.141082,1.181473,1.148607,1.152773,1.196563,1.183974,1.197735,1.207770,1.201403,1.234383,1.219206,1.239096,1.125323,1.253422,1.167144,1.194858,1.219789,1.182724,1.165690,1.220624,1.170481
He likes driving racing cars,1.191915,1.174471,1.194784,1.153389,1.171683,1.108158,1.198729,1.145808,1.241481,1.178220,1.225000,1.143431,1.129938,1.162112,1.158010,1.102419,1.200716,1.188363,1.163677,1.184812,1.070971,1.144560,1.196337,1.160944,1.176202,1.160866,1.223622,1.202537,1.188408,1.243884,1.183973,1.193668,1.105777,1.178181,1.204402,1.190464,1.199498,1.214279,1.201403
He likes driving his/her loud car/motorcycle for flex,1.204005,1.220522,1.207463,1.201812,1.239089,1.146475,1.195393,1.194776,1.238391,1.186870,1.226522,1.174664,1.166758,1.209516,1.181155,1.163968,1.226871,1.210741,1.213227,1.201896,1.142612,1.176502,1.229703,1.173836,1.198101,1.137356,1.184551,1.215202,1.168439,1.236265,1.192964,1.165270,1.124142,1.215822,1.221365,1.184271,1.179677,1.234971,1.225011
He likes doing car mechanics,1.221077,1.139626,1.197198,1.156740,1.156664,1.102610,1.200031,1.147931,1.269146,1.217345,1.234480,1.112983,1.172966,1.159105,1.097638,1.153039,1.185360,1.163447,1.156159,1.177369,1.096954,1.147515,1.120659,1.161707,1.148256,1.184733,1.189912,1.165401,1.169284,1.221989,1.157598,1.214982,1.184362,1.093704,1.149542,1.162564,1.187319,1.204718,1.184426
He likes flying airplanes,1.186620,1.177517,1.192391,1.143283,1.148919,1.107249,1.192403,1.172702,1.219651,1.191657,1.224426,1.128591,1.128936,1.160931,1.141193,1.111796,1.201230,1.166430,1.148814,1.177211,1.017845,1.139291,1.199358,1.155613,1.159597,1.160684,1.226444,1.214365,1.192890,1.228619,1.171154,1.181709,1.149119,1.165423,1.188185,1.169950,1.185207,1.196027,1.207224
He likes hiking,1.209104,1.120782,1.135959,1.160176,1.146469,1.065657,1.161153,1.155864,1.209579,1.165388,1.198800,1.075544,1.145333,1.084372,1.101944,1.100045,1.138121,1.086489,1.103477,1.099247,0.905441,1.127650,1.128677,1.128969,1.127300,1.150172,1.222601,1.159820,1.162226,1.190323,1.139366,1.191258,1.180422,1.153663,1.152101,1.091504,1.102210,1.143500,1.167325
He likes flying drones,1.192205,1.190823,1.212277,1.182318,1.156442,1.123358,1.212034,1.167662,1.223849,1.185413,1.245841,1.124205,1.140907,1.165940,1.119414,1.152222,1.197844,1.173298,1.158302,1.187211,1.067613,1.174779,1.180482,1.167983,1.167986,1.184082,1.230356,1.218290,1.217795,1.246363,1.186617,1.207732,1.161564,1.165050,1.209597,1.174400,1.182958,1.202659,1.201110
He likes bicycling,1.207250,1.136659,1.163680,1.173583,1.143792,1.093287,1.194971,1.138426,1.231662,1.177893,1.220260,1.087624,1.132840,1.099771,1.107178,1.138298,1.168243,1.136066,1.114347,1.131824,1.022884,1.155137,1.137468,1.120196,1.146212,1.167931,1.235547,1.180835,1.180666,1.214325,1.162082,1.193284,1.177831,1.155884,1.156708,1.137384,1.113961,1.168606,1.143609
He likes doing stunts,1.169837,1.172683,1.195904,1.150591,1.159230,1.094788,1.174079,1.118610,1.169333,1.133583,1.201828,1.101615,1.084293,1.173460,1.081075,1.116443,1.223320,1.180520,1.158756,1.142412,0.967337,1.110369,1.174159,1.091133,1.150445,1.138406,1.183206,1.207781,1.136683,1.245188,1.173001,1.175431,1.048843,1.153714,1.163677,1.147621,1.184310,1.197539,1.190389
He likes beekeeping,1.226197,1.146679,1.154404,1.142740,1.146218,1.096882,1.192531,1.208038,1.202879,1.219517,1.211157,1.081814,1.163870,1.100015,1.099304,1.133313,1.157763,1.124873,1.129526,1.137618,1.086342,1.144054,1.109457,1.132386,1.114578,1.187358,1.223509,1.157150,1.168934,1.211619,1.153466,1.182865,1.224712,1.106031,1.190269,1.120647,1.128604,1.159522,1.174195
He likes spelunking,1.213166,1.183570,1.200069,1.218930,1.179662,1.142673,1.171875,1.166056,1.181452,1.202098,1.234421,1.041142,1.162206,1.164857,1.105604,1.164006,1.197306,1.114326,1.175057,1.132702,0.930690,1.166932,1.180572,1.143527,1.195420,1.219403,1.235449,1.208221,1.207380,1.235400,1.185129,1.212797,1.172783,1.149933,1.209904,1.165402,1.186774,1.182269,1.180040
He likes homebrewing,1.239018,1.167920,1.168228,1.174520,1.180035,1.126151,1.215339,1.175651,1.256615,1.223699,1.227638,1.100577,1.177937,1.144228,1.083186,1.167348,1.199854,1.140133,1.161139,1.165995,1.095121,1.161149,1.178564,1.161793,1.161238,1.193535,1.236730,1.203264,1.199041,1.238000,1.169738,1.185177,1.239645,1.153021,1.198495,1.168536,1.148655,1.194385,1.177335
He likes skydiving,1.162946,1.159743,1.164784,1.151127,1.165858,1.091842,1.144563,1.156389,1.175572,1.157294,1.223486,1.103000,1.109391,1.148960,1.107805,1.121691,1.186612,1.138564,1.137161,1.155859,0.906185,1.133713,1.206986,1.134732,1.154786,1.161714,1.226907,1.217033,1.199033,1.215864,1.169471,1.177226,1.103248,1.186667,1.181160,1.159532,1.154371,1.189275,1.190121
He likes scuba diving,1.205497,1.149630,1.149415,1.161137,1.164811,1.102199,1.115076,1.173959,1.193211,1.201561,1.212044,1.083904,1.158918,1.123468,1.116975,1.148379,1.168436,1.119018,1.151145,1.132117,0.944627,1.149234,1.170323,1.148896,1.156869,1.190224,1.237707,1.192243,1.192887,1.197680,1.169985,1.179490,1.164741,1.153146,1.179566,1.151650,1.141125,1.173489,1.178132
He likes watching soccer,1.222858,1.161286,1.183120,1.182235,1.150256,1.094358,1.184645,1.172062,1.238387,1.206571,1.229852,1.108821,1.150982,1.103610,1.128503,1.149224,1.175336,1.166852,1.150788,1.158964,1.117191,1.162219,1.170309,1.116051,1.112792,1.179800,1.246669,1.191660,1.181010,1.235617,1.171283,1.179221,1.211336,1.157700,1.170618,1.156634,1.154283,1.162123,1.179533
He likes watching chessboxing,1.201571,1.198609,1.230804,1.207015,1.160281,1.167957,1.222479,1.179243,1.230979,1.164627,1.256964,1.106249,1.148021,1.183730,1.146889,1.180832,1.214897,1.176785,1.165736,1.168490,1.136039,1.173942,1.204314,1.177811,1.187341,1.195427,1.241887,1.207741,1.227861,1.269241,1.163198,1.198955,1.232235,1.176099,1.249571,1.196277,1.164574,1.209339,1.176507
He likes watching UFC,1.200415,1.178141,1.212855,1.191778,1.183052,1.138932,1.205187,1.138823,1.225996,1.130224,1.246676,1.118213,1.143691,1.172505,1.171239,1.178261,1.198941,1.179252,1.183388,1.168911,1.112580,1.173106,1.208617,1.166116,1.140323,1.180413,1.246385,1.199859,1.185518,1.246631,1.158683,1.179983,1.184794,1.186408,1.201449,1.172206,1.142709,1.208580,1.198685
He likes watching reality TV shows,1.166032,1.172714,1.231642,1.195481,1.183571,1.142445,1.140186,1.155395,1.231951,1.197052,1.202604,1.140218,1.150049,1.142453,1.156298,1.187461,1.170709,1.161635,1.167719,1.208489,1.134478,1.168705,1.223959,1.142807,1.170581,1.183757,1.199105,1.231641,1.204943,1.246985,1.144843,1.186979,1.203245,1.198852,1.212995,1.183554,1.179731,1.172740,1.176233
He likes watching mukbang videos,1.220478,1.223674,1.231844,1.242000,1.227557,1.175150,1.221538,1.223744,1.262487,1.213741,1.254389,1.124302,1.192758,1.210341,1.186663,1.226750,1.216183,1.194268,1.234427,1.240780,1.177383,1.224640,1.239911,1.169505,1.226232,1.242066,1.255638,1.232757,1.237494,1.245720,1.241781,1.225653,1.256153,1.210201,1.265395,1.206358,1.202960,1.246422,1.236106
He likes posting made up stories on social media,1.164464,1.178235,1.223725,1.190863,1.214297,1.144389,1.144184,1.205574,1.217434,1.217080,1.142635,1.172950,1.129587,1.121882,1.073241,1.191516,1.205722,1.196732,1.188219,1.205569,1.136654,1.159888,1.244317,1.105085,1.208153,1.164672,1.135743,1.249837,1.228855,1.247742,1.217328,1.189596,1.199126,1.205871,1.224075,1.187663,1.221424,1.179506,1.153348
He likes participating in street fights,1.147564,1.179201,1.209971,1.190440,1.195453,1.157151,1.191886,1.094967,1.174536,1.009522,1.246629,1.150073,1.133027,1.122477,1.181244,1.162474,1.205140,1.168886,1.190171,1.190889,1.078428,1.148381,1.212490,1.180848,1.181948,1.165520,1.223307,1.238913,1.176576,1.261032,1.161039,1.200942,1.097023,1.220787,1.218634,1.178629,1.171046,1.186325,1.189673
He likes making AI generated art,1.239354,1.245854,1.204092,1.231691,1.180786,1.159172,1.207469,1.221288,1.298487,1.260459,1.245892,1.148783,1.198336,1.226497,0.997039,1.222309,1.210953,1.185637,1.182258,1.251018,1.177177,1.207944,1.247469,1.199237,1.246172,1.240796,1.244645,1.254553,1.267345,1.264735,1.214680,1.265351,1.262098,1.204742,1.278674,1.236443,1.233781,1.230364,1.205842
He likes practicing at the shooting range,1.187465,1.190877,1.226883,1.198971,1.206253,1.147193,1.227578,1.160968,1.230688,1.150616,1.250173,1.157853,1.175548,1.196948,1.174720,1.179110,1.219928,1.167447,1.160659,1.147698,1.116734,1.207869,1.180297,1.197871,1.186570,1.215783,1.240678,1.195914,1.218957,1.236019,1.142096,1.221450,1.181408,1.147507,1.194652,1.187244,1.171534,1.223361,1.208530
He likes doing graffiti,1.177828,1.170085,1.172256,1.166524,1.178285,1.081415,1.171367,1.074722,1.221252,1.131682,1.216757,1.113318,1.131169,1.144652,1.001772,1.153239,1.203292,1.156434,1.141797,1.173574,1.069783,1.136191,1.161648,1.153696,1.151362,1.177740,1.221510,1.199904,1.186478,1.188216,1.158006,1.195474,1.145457,1.129605,1.199281,1.159226,1.150376,1.200069,1.175265
He likes exploring AI alignment and decision-making through prompts,1.252203,1.211765,1.253708,1.244768,1.163930,1.217640,1.232723,1.241738,1.286372,1.284309,1.244312,1.069003,1.251055,1.211759,1.118193,1.179911,1.166626,1.185368,1.154847,1.190643,1.135194,1.212419,1.218494,1.228655,1.243764,1.255712,1.196162,1.252909,1.263466,1.281826,1.126033,1.291457,1.254366,1.214327,1.227792,1.238977,1.238886,1.224863,1.201419
